{
    "containers": [
        {
            "name": "vadd", 
            "meet_system_timing": "true", 
            "accelerators": [
                {
                    "name": "vadd", 
                    "check_timing": "true", 
                    "PipelineType": "none", 
                    "check_latency": "true", 
                    "check_warning": "false", 
                    "loops": [
                        {
                            "name": "read1", 
                            "PipelineII": "1"
                        }, 
                        {
                            "name": "read2", 
                            "PipelineII": "1"
                        }, 
                        {
                            "name": "vadd", 
                            "PipelineII": "1"
                        }, 
                        {
                            "name": "write", 
                            "PipelineII": "1"
                        }
                    ]
                }
            ]
        }
    ]
}
